Mouse_ID,6,10,12,37,45,53,73,84,101,106,140,148,171,206,213,248,278,291,293,307,312,315,325,337,350,353,358,360,370,376,424,427,453,460,462,466,467,498,526,530,543,545,546,548,550,553,564,568,570,572,573,581,591,594,595,602,607,610,612,621,623,625,636,644,665,680,700,706,757,781,796,800,803,804,805,807,814,843,844,872,886,891,896,897,903,906,923,940,943,978,987,1020,1030,1032,1065,1073,1092,1102,1108,1109,1110,1111,1195,1197,1200,1202,1205,1214,1230,1248,1250,1275,1276,1343,1345,1352,1364,1375,1395,1400,1404,1425,1482,1496,1500,1525,1532,1556,1562,1578,1583,1603,1636,1671,1721
MM052,13.462426084544818,15.397458309880559,12.300114510484464,17.81261481037765,16.0977843519907,22.486246488386698,15.205250745691709,16.645040506887298,20.15671684115003,17.877609303028223,18.699924799012912,23.80295735339093,17.338167726585873,19.629511120143725,17.2400519986282,18.80880290832888,16.939577143431652,16.186701686544847,15.088251755900215,15.062452462951322,17.802916452901748,15.34571815507305,15.617592424992074,13.885700562218851,15.709732474499102,18.144236750506668,16.55983853165448,16.70617758493452,18.75531656969779,15.808051179468436,19.758443083133486,13.431294111914196,14.568770784702586,16.03685200017485,21.207584636053873,16.39845251152398,16.51323622307064,16.371330975449656,16.43621340095166,16.146268235696215,16.453577207617705,20.85453973843027,21.687801442345563,19.88296467017367,22.271842844197582,20.4613201914284,22.220602896482102,18.773608430684995,19.153158594597084,14.49806267549288,20.75711385241877,18.90047641156542,18.378596833393463,15.893559920881348,14.889450337913003,20.844541586487022,18.469246060492253,22.19549756960609,18.513686376946545,21.39590604552731,18.915282905111603,20.338169061297467,18.332139492573898,14.745882940433237,16.133616415367907,16.616316169393386,20.777415800424414,18.17536940743779,16.207148933447918,14.17855245177389,22.089339151357272,15.105176532308645,20.098679894992102,16.70469565851214,21.102911506577424,18.034072323670667,16.11917204209452,19.432073114313994,15.167021004669586,18.39686974208527,19.246081576674957,23.293908322545644,16.82088513785092,20.817163033702343,18.28327679954387,21.68166252872032,15.443594629023929,20.37197039996924,21.66059480954324,20.555762927639584,13.717034944271763,19.140549852237104,16.93035584844875,21.61932550806054,17.538801495920946,19.838178109776376,15.08565739453256,17.082130965200623,18.930184127873577,20.800773227476036,18.538860775118998,15.880404294649658,15.907045520141759,15.080812031910517,18.81662453903926,17.146577984269484,15.906429217846311,16.351680569401328,14.730167533673626,19.42946843458456,23.234726537080764,15.280446463408095,16.652672453655033,16.34959674214463,15.641563101480827,18.431695737956336,23.71703745233179,18.33540224622464,16.467008548101028,17.135105227556554,20.28803306546125,16.28348357877157,13.927166552883296,16.10988529863052,16.2801457872599,19.786912715731116,16.13667671345677,17.689152904346674,15.227845298485162,15.268690280124591,16.444515815019717,16.665991470667873,18.139925640902018,15.062215606176432,18.671129725748976
MM058,13.03440080179972,15.587338556165554,12.358812710951408,18.933665245961656,16.006587943711246,22.46528021506784,14.80844503366226,16.392829559839484,19.940208128135648,18.37372696357219,18.95497451091371,23.84570583708069,16.45232894559969,20.150414986258728,16.399382334593376,18.709685547960113,17.479703608857122,16.765975961899354,13.838650866650896,16.810878446453792,18.56017659755821,14.674534626896333,14.894661393542746,13.673618475662387,15.701413384259613,19.147818378084377,16.81477636762295,16.882114591197418,18.648920501397278,15.507133317097951,19.501748389232116,14.257025670558027,14.569099319359713,15.263505672035313,21.34539061209598,16.405450476915515,16.359695017166988,16.352033266965854,17.561867975765207,16.8303217915521,14.913042889408722,20.595746064963585,21.272068155299436,19.308464802542826,22.690290232793412,20.140814328480875,21.99661172186327,17.438907684603038,18.863940536758584,15.41600296968989,20.6441725190596,18.491348400248814,18.661013735778738,15.464629827149878,14.304418046624539,19.997647589916838,18.56534978700313,22.280251799859364,18.06404083141112,21.273168815694454,18.892276463753635,21.783179027766202,19.185116265730073,14.47374718672996,16.590056738711528,16.092168169333327,20.778849221330915,18.4378299903704,16.27228645057612,14.00462763094089,21.81601102514737,15.409902765683878,19.540449715866053,16.471619264422657,21.238166406271457,18.287282094024878,15.466269347985095,19.60692966933636,15.883535047565347,18.76447171733168,18.842212480440345,22.989222366309786,16.75077419287645,20.53853914850724,19.689344161507677,21.11977326178029,15.625349673732241,20.29773078867477,21.705664064531017,20.517297236438793,13.647009027515704,19.372279854337265,18.361318229662146,21.350845994115662,17.221649484797858,19.166926365914115,14.541818944592938,16.978268979235377,18.881349638282607,20.598745091081224,18.818349095401057,15.785648028892522,16.317054592597394,15.15167192898623,18.66599469735852,16.75457361790249,16.59257758402425,16.52311392800534,14.535389709217778,22.32239903123105,22.97619818657196,15.020849436487541,16.480963324256,16.459695391507623,16.260255615862835,17.470312765164053,24.26432987586893,17.391511567035256,16.73409439082546,17.16001589073271,20.073859921213067,16.77740208662765,14.148003582305305,16.04805920879835,15.529499782186551,19.620214358328017,16.049227546592782,17.09335598326307,15.276293655613104,14.139408108322716,16.30955716075717,17.581573664693188,18.17230698600716,12.43992810943499,18.05575206611628
MM059,13.211944638446306,15.957453093521801,16.571499539258152,18.64718558381681,15.90213709278312,22.498092448674143,15.299634784141109,16.514690151943636,20.07774203813236,17.980559456940103,18.471352692113864,23.92167068574934,13.877108152683846,19.899111740985145,16.87374763298534,18.703169604641577,17.166463586950023,17.86094202767111,15.321627797418925,16.03306980755069,19.284082015672496,15.150495132842916,15.310223001034096,16.770177819886122,15.924338477223797,19.042432784842337,16.342944352089596,16.714595621695786,18.93502600527729,15.545443936717882,18.755718962056193,13.666088178293018,14.604909130338093,15.25357774116775,20.966350373863193,16.504350909217223,16.224642531733764,16.516944206565633,16.541970626015246,16.519645182818262,15.44483553402505,20.552655574816313,21.428981568265602,19.645850644811887,22.416749553776068,20.39264995500173,22.011235789182525,18.28219599206176,18.884230865286302,15.329013470449137,20.595638640821758,18.72569237327137,18.416708630527435,15.990784901392418,14.723662746514885,20.513948670389745,18.452207360733272,22.144685998099675,18.16720441686629,21.196899026990927,18.87446782431276,20.41157323879737,19.15742224826133,14.668880485546227,15.914007558828486,16.317490562159065,20.258805786625555,18.7919515257859,15.670820575050195,15.14949049486423,21.713431133572612,14.814603525728916,20.053946841704153,17.3157832963454,20.962557196344655,18.222725381309047,15.468940540941372,19.086511370735767,15.010719082112145,18.379629717220652,19.11488130427892,23.225454067146476,16.78940070019256,20.792664255100824,19.665038591556407,21.449305060886577,15.422933278695217,20.294756671882908,21.824402135394738,20.57405830876058,13.722705943763804,19.120564595080317,17.36496411699031,21.74711052428645,17.529812540629965,19.386102280015443,15.37557966777021,16.950940492077404,18.782799875464672,20.192123819702722,18.27768588224597,15.945638613822448,16.130829326255324,14.941923794234242,18.92883215405631,17.163536122602814,16.439571613867336,16.691704114966342,14.75987176387325,22.284720903383803,23.106272322263564,15.20777412654468,16.604405393368335,16.051191222686214,15.88343438807041,17.477816499194024,24.21406168691094,17.970159003813635,16.47911753902456,16.881080472609913,19.750999868210037,17.277887294239108,13.913743818977215,16.11235727271105,15.909144891291986,18.835186968036123,16.15583851561081,17.54966366544127,14.798172862980241,14.98931150998593,16.30017891652599,17.90907170144054,18.479842459952092,14.408667717180485,17.913732119563132
MM060,13.22851223591413,16.542632300277567,16.8176821795228,18.30876967372524,15.349682900001707,22.616139648494784,15.249298387255617,16.323701087087343,19.855637121014105,18.336828749348168,18.564928644698245,23.966304503352614,12.877463652898527,20.059560723830078,16.819967318824933,18.455864433891406,17.56237659233284,16.7365195625989,15.942362630125125,16.333112756015268,18.0985082079603,14.798182742698847,14.824586246825632,16.230036251878666,15.926700123879646,19.091783651221682,16.42389916673537,16.616707342370923,18.97061211269525,15.789725435622955,19.83166962965457,13.820610542102946,14.925975819603579,14.819260682457598,21.212937701878694,16.363156522768445,16.514824861549638,16.150779507104787,17.866861711255947,16.494095882755683,15.264377512698706,20.642353442710032,21.280269294278007,19.294154370633677,22.589541099935886,20.38188839041914,22.04910338586803,17.705212242615907,18.45770422647853,15.173475586039219,20.675273571680087,18.683790324493724,18.43863305834997,14.812314762929912,14.482797443008511,19.979699173834614,18.29306478283155,22.20253161939713,17.953188042427104,21.252395087675584,18.984869515606526,20.9993039753225,19.34870398869318,14.65774007175512,16.761379474468793,16.29373512601653,20.960278941530365,15.924660284496866,16.058699317319306,13.177581386038904,21.782057362767127,15.287296486261114,19.36682231457,16.870862816664776,21.255639553311095,18.14052841438326,15.746167777613358,19.690270912856107,15.251470003717918,19.009616794400944,19.335830534615976,23.24375140083269,16.613537247070248,20.612111418019246,19.493160451308032,20.91119129488904,15.513712983461902,20.344217975558596,21.2961167191373,18.22782151079926,13.51426771887919,18.817365502342167,17.875833692573078,21.6498327169973,17.114371687267052,19.003134199732006,15.908142132096334,17.133374822658094,19.038405555478406,20.529399927282093,19.079788188210173,15.999125377830385,16.284550768717452,15.180695793233651,19.087363389015398,16.64617516282058,16.44705711635494,16.748643432380515,14.643256440064965,23.090273418942903,23.078110515011403,15.262161444960777,16.414321276650263,16.472090326583835,16.339741117007577,17.465535429313693,24.562660686562026,17.39124232294292,16.74522727366928,17.049179384709053,20.125708444806982,16.785640230150747,13.954273433364948,16.048351221850307,15.34059371718726,19.775735439268544,15.973694124950928,17.288445431164675,14.623558364556635,14.902369973480843,16.374763046674644,17.526574165459216,18.175585459369746,11.498935248592076,18.770067815072277
MM061,13.068614709980137,16.192704573369518,17.533554323371266,18.94249610434418,15.92579711601511,22.958052605866932,15.24599012448304,16.686666552179005,19.90374257166712,18.961600795955324,18.44624117470342,24.230777149885277,16.866859774449882,19.730450054519267,17.794111026477314,18.469194073835027,17.23586784168474,16.459564602037933,15.807718077264285,17.140605536036986,18.104407662543686,14.494118541194297,14.954188806844439,15.424653360437103,15.819644948150557,18.97455056695014,16.418635962859742,16.17279805415007,18.689367012193006,15.764012955007585,19.011379411521396,13.660905352619118,14.332260522901901,15.747492615629172,21.590746069754555,16.410073546280945,16.71004837908129,16.663084583315964,18.188198829844925,16.792680150286497,15.71993999184433,20.687440300441107,21.658774408546815,19.674934457871952,22.887304327962458,20.22306647164158,22.125780054910194,18.26356095419103,18.492278945238613,14.71944309380499,20.585252441723675,18.889568327837747,18.590735834773398,14.815121526631563,14.275843374295132,19.490737238254248,18.589505891186356,22.13551261967857,17.974530951945166,21.278436262595505,18.894904162168707,20.961305361086314,19.52420199483265,14.24937004152377,16.882561837691544,16.34102164328573,21.162411230852022,19.193706050040483,16.299914687752697,14.14164379552165,21.766442413156593,15.050457077309337,20.213398121110853,17.317269272262887,21.661746101802567,17.88392746454874,15.61896719855474,19.700417663508222,15.531841561068982,18.618576740290635,19.498475596469333,23.556978207050193,16.604746786821742,20.474449514126636,19.45288172234143,21.20338147983292,15.484556626195765,20.244452295815876,21.307647722947685,20.378578022311707,13.760824336131094,18.74330218622496,17.579795221950143,21.63758642046905,17.14222931305143,19.624039269795944,15.895704016150091,17.03965389609277,18.738269242364577,20.887205126255797,19.440217770776275,15.52847777340042,15.851588288304644,15.158265696490545,18.71017373888438,15.959076994199236,15.254109331284011,17.024134948670152,14.711673835391831,19.315535295209877,23.03241514301677,15.129915849299408,16.41097678462656,16.497984037663212,16.331631058205634,17.375487369825727,23.509388367723517,18.42005943340225,15.566121399842304,17.02742519607931,20.08661270133068,15.753088788956683,13.827608926236788,15.950001630126302,15.793064522465711,18.97934061684312,15.859417351343184,17.148511213477963,14.561937772590646,14.963381571210919,16.47053936578195,17.96661078267678,17.798370787249265,12.740542376363994,17.779718573375465
MM062,13.262415854110776,16.848234247124715,15.181380253329555,19.06289867093367,15.784653807955968,22.62365679788983,15.233392684778446,16.63791225153564,20.06218379791159,18.84092219350654,18.692628525679012,24.077666884671586,13.047477622431922,19.773800323606896,17.316836626629886,19.173410946122306,17.140413270269345,16.097375273398026,16.040274321520013,16.461634693840974,17.9980096710822,14.886950642075783,15.596093684311356,16.720105676462445,15.9969986376453,18.915731764656286,16.209624787208732,16.594754839354177,19.27056937045884,15.854546991488844,19.01551818822254,13.763503339016484,14.75539364200776,15.24630882464975,21.209607528566927,16.51439249823674,16.553870527252744,16.50422530621473,17.98020533223728,16.19223513578923,15.963832739059779,20.766335280783988,21.77576245216305,19.821613168045726,22.696983007648093,20.605905903144727,22.205784903903236,18.471800905242084,19.076361348313725,14.201192296933925,20.82065656565015,18.925937468227183,18.669563192766116,15.581979989342727,14.719477064398433,20.697589448638304,18.466574909969715,22.18733329608725,18.021820483672826,21.481034826499577,19.106425229084678,20.969349057185703,18.995907872714895,14.399336042319284,16.00546161192066,16.620778368476994,17.427566049872105,17.75615305721028,15.8004500485886,13.9001989123709,21.96124001916379,15.03261534305426,19.929022536927643,17.19775212513747,21.368710452006614,18.632703525956163,15.64813288278417,19.35162934676826,15.748946416973244,18.57431234744704,19.23997120298812,23.50560729995444,16.823810340586974,20.75272959665615,19.5739339552949,21.6170880891271,15.661073860505981,20.26718331993502,21.558580707975707,19.797627898291353,13.492418442778533,17.509193139048154,17.942327269598373,21.876090103078766,17.642416598916327,19.445785799163843,15.610052320537488,17.078598283444926,18.992916800041627,20.851008805836404,18.60597006323942,16.16854961404723,15.957546420590255,15.061003365484256,19.16854605302086,17.6690235718368,16.04499732935867,16.871182386277102,14.709551407354834,21.43490404493743,23.43253136400665,15.205272543919707,16.58566611678374,16.29642144545983,16.206134515545923,17.404565503279475,24.50004981529319,18.080551007283386,16.720315080224008,16.88726278662531,20.024077423158055,15.94414424607562,13.779585996486095,16.23146377762175,16.211415748034412,19.099473709714616,16.174552562589238,17.34506455130887,14.304207935183433,15.107496329468885,16.356512198471655,17.089424713357413,18.40708174940924,14.3003464043028,18.714975492547193
MM063,13.366227954893997,16.68949297946998,12.371457289204411,18.07115727511734,15.216231429030536,22.61471178714607,15.580639537651882,16.154481657838282,19.944821454997697,18.192043220533996,18.653818139719096,24.052677955939355,14.315370253491308,20.007165086367237,15.999728101837936,19.280066304344214,17.315898024165453,15.909226887635064,16.03851736398795,16.408570749986005,18.133815408859864,14.889321189197728,14.461486431969439,15.11271510898676,15.661192886591307,19.007509832929276,16.377017095338672,16.72847615801463,18.796099474047885,15.441941966712294,19.176387481879246,13.962024208884758,15.089441590724455,14.538839252721802,20.69494480735832,16.49412351023824,16.401451226727275,16.358469875957244,18.406709490266135,16.467296859209597,14.956266321533638,20.500147987131044,21.25305806687143,19.468249459774178,22.67847099173471,20.415877111433538,21.85706669683425,17.487046201199462,18.646732930753124,15.298308471703988,20.556734166360645,18.520171131656504,18.41433317578971,15.933126438883015,14.930589717606615,20.060425766407416,18.59403402926719,22.18768771498984,18.159561318471418,21.090331892971793,18.966352409364383,20.46770311698261,19.339995476114012,14.73190754539408,16.080366408613095,16.258736492146625,20.30855825884097,16.347133092278977,16.01255100254278,13.998056457900207,21.502364068753028,15.471230291628434,19.40677479737526,16.611427946272354,20.830553843014926,18.18840336281709,15.293157693513507,19.130893809173887,15.328775295659513,18.161704053966098,18.938794751568253,23.270232335373155,16.785447161132332,20.308220016529482,19.70260972111369,21.194824795949245,15.133821379889289,20.316330738649746,21.628951213653487,19.94261182232367,13.799878202862986,17.991785727403247,17.387721235159972,21.521729810272475,17.392648367049286,18.883775391624226,15.47607733430839,17.073500921370204,18.77914471475106,20.852015355218303,18.693101096343778,16.01486330608443,16.098211515498342,15.16034360619183,19.24624481046209,16.133189472407153,16.283665911321663,16.31291273865068,14.706574345913001,20.75590872603764,23.235025845424264,15.208002863555091,16.500954067782946,16.229681763520137,16.27931677019718,16.945139117627452,23.513606796765465,16.654004133340724,16.7428173816472,16.6811476875489,19.766618555568797,16.815253839253767,11.023039726401187,15.96183585183716,15.844696198186725,19.14688196414711,15.960182507668291,17.317722164481165,14.689311163394928,14.892343444797499,16.48908390028574,17.87976935308656,18.398527041170752,14.261711650719679,18.018983503854113
MM064,13.385230446982144,16.427666949888923,16.433223935583793,18.26806967842697,15.416836492561158,23.27338213837853,13.426582593222943,16.487684951024658,20.008079107140986,18.309051165222222,18.97263034928324,24.292038028975817,16.88188139160455,19.820262133424496,16.692040108345513,19.103905664262335,16.766608036424106,16.14987760287128,16.512002486526978,16.69129322467508,17.813162915572406,14.591019626135271,14.502048280562766,14.099459786813446,15.328477619098228,18.431533527834155,16.34551588578559,16.899369459326426,18.559164783194998,15.611643505346715,19.36435840856698,13.34324074344042,14.96917362131846,14.972816432864496,21.120329011443644,16.41905822489669,16.504193708015443,16.770414891451168,17.27493993277881,15.913750988841814,16.110372663687574,20.63876434049644,21.744396656209165,19.773128014073095,23.160007929031845,20.221775670278078,22.097898242888093,18.1947494889867,18.907451066777266,14.821960541743321,20.69878469885209,19.008316774185186,17.91722468512965,15.209222875035653,14.91912626762396,20.404332020565416,18.104869459648356,21.874151030538002,18.284094862645127,21.274460342382266,18.93953053786856,20.910006614343885,18.912314860816146,15.071614182129325,15.77297329522076,16.632033462650867,20.778757464097183,15.66540403875617,15.735982696378096,14.956748108019829,21.76158486554429,15.061209146560913,20.090427238583082,17.746602894864754,21.572751199384328,18.19704736019327,15.380952117105206,19.45371766088568,16.03300959260139,19.219313564917336,19.501546863253267,24.0472338948557,16.12193061059758,20.777217736392046,19.545237513687493,21.167519519441,15.54319313698607,20.186154592749755,21.459343533237288,20.087262800805952,14.406687891121342,18.726407918454264,17.769218399383487,21.82471182610337,17.369036636892794,19.401695293514557,15.578634511092828,16.944160491650706,18.636485176799695,20.665783899755155,18.10717427334539,16.447404244631844,15.919059516547803,14.815654724645082,19.022655065430854,15.928224607148666,16.123226011990923,16.69826849570783,14.993725486104475,22.0679105672117,23.208083390743507,15.04388442114833,16.553666910304145,16.24152351628393,16.719156999389835,16.772574490619647,23.232771467061255,19.106512857088344,13.984214869245337,16.94137803443161,19.696670159206747,16.58036106196008,13.502927948320727,15.597136648384481,16.021563614762222,19.387876371208005,15.249386366700932,17.223811647842105,14.455041344659518,15.058269724009534,16.13183295971507,17.860147386733644,17.987622657260854,14.233232739753726,18.0325198610496
MM065,13.360781569416412,15.323960895663197,17.10663828419361,18.274552985405577,15.321724864969438,22.955812238131735,15.548942143716387,16.683911045704303,20.124894630418076,19.128237418157557,18.905151811036617,24.216310942898147,14.600897466671363,19.5349979414955,16.6242267511456,19.1839198285072,17.131689496438764,16.149371649497578,16.117064691646714,16.955877582067547,17.51169965597437,14.703408732994442,14.499512330977709,14.887174629093085,15.61939270194268,18.942115320247627,16.343464783369537,16.406961027177754,18.824953479264245,15.417225019305919,19.480585718143697,13.791322682886701,14.390201035468865,15.376190438159632,20.829716072938098,16.382294067855103,16.340015611049633,16.86636941556234,15.469597563126136,16.515764842750915,16.030469756983745,20.708151995125373,21.730916391527746,19.856497414643943,22.916273268615114,20.290328114392093,22.208777194825018,18.513983106742725,18.93404991839063,15.283945771302324,20.650990595541792,18.91482120416299,18.145093342616192,15.721727289605308,14.792062655797507,20.43112818532113,18.23612798568123,21.88009397655355,18.198031503260967,21.258813638397875,18.972449027705405,20.341723321048537,19.039731085579827,14.513324866030048,16.037955812046253,16.447175786107902,20.843404126092786,17.787413040852968,16.291268553606585,14.18861657351368,21.83788718684913,14.98162608459423,20.13016485874084,17.359174701381477,21.00031018190322,17.98599780951372,15.689147025207927,19.264689374142293,15.849083791310388,18.14970021419643,19.584681078391608,23.573652098468973,16.487792306501863,20.910122620541465,19.174422931274393,21.263759154689314,15.482372760560137,20.312390311192104,21.490537682655695,19.85976637175747,13.741361587098266,18.515051189918445,17.528836921180055,21.72261474711618,17.48007125004922,19.564437212064565,16.136276971211185,17.0652131033896,18.441799707305115,20.43965751056167,18.057593214527603,15.942997325584763,15.874447473320677,15.090874672261494,19.220231549076477,16.924201372689797,16.12166428546183,16.76942798334489,14.846356732662269,21.733294489275075,23.3459521598282,15.143146148444238,16.696303229925107,15.961641810962304,16.10347296217326,17.2572269572648,24.429324410028418,18.56179784675986,15.797944770325582,16.982566704052438,20.340512923336643,16.666642433239208,13.706653224022958,15.844270814929345,15.829333442713555,19.439300166358912,16.11808934112883,17.33798731804384,14.121504895055406,15.112261528408174,16.550467242570512,17.82776209351639,18.2815429344554,14.112524081150495,17.786034502654918
MM066,13.243284925323211,16.72801845892086,18.600471401499522,18.123200267737566,15.197356642639509,23.064483743503114,13.27546478462952,16.644584445474397,19.983663175897192,18.82368099751755,18.7984912031388,24.211296213855494,16.777098808521103,19.68944833887252,17.663414651550017,19.067788699307854,16.812070886742248,16.686533601083433,16.796032019772113,16.11138837931229,17.927349705176116,14.303912889378134,14.433512521807822,13.677722451930075,15.558012793969914,19.11325157702071,16.31531225051066,16.918517395486983,17.344383921578654,15.789347722249351,17.913843726933948,10.656023467280464,14.587621384064974,14.894274262608795,20.742928996405414,16.22282345427496,16.381001237306418,16.017525453625435,16.92370865044264,15.712460314043867,15.580861075454031,20.245373797088728,21.42686606172046,19.804429842283913,23.138368491866967,20.380870967495188,21.96912516024001,18.038251597841903,19.17861422457982,14.27320008465342,20.43232027566871,18.928104929468358,17.83173639188012,16.736694050155275,13.194109373471473,20.190657261952683,17.74186017328104,21.796158456981047,17.708472064563864,21.276370056718577,19.125394409708598,20.911028788038045,18.977873624389016,14.716573575314623,17.053160219579546,16.350637335952342,20.96450201545627,18.239266627287027,15.026499512039932,14.022827132407247,21.733141088628553,14.613888561947235,19.975043225611316,17.560799744738915,22.24196255847604,18.352077685439596,15.929755509443938,19.238881151388252,16.639628198496855,19.026440351637437,19.314083613306824,24.2508845478359,15.769587238919417,20.453889976697344,19.253949166763316,20.850901264383413,14.349704014205656,20.419697555538832,21.378326090557294,19.845496764815554,13.983225186277672,18.503299759860404,17.65249078464578,21.92271622478278,17.65119593609786,19.636767903032975,17.294598202626663,17.282301453687232,18.77841503125527,20.22805232165813,19.573569850048635,16.067843655098557,16.1175835548558,14.72887137729008,19.29957325957457,17.430187982371145,16.489706271093297,16.916171289995045,14.985732704103219,22.454353680218556,23.17401283494634,15.182537667257142,16.451278939814703,16.242839949314988,15.909019592907054,17.121471623496657,24.262951385526847,18.71206923291709,13.851499138917065,17.062725976645574,20.134050368790543,16.32305611018185,13.830911499236088,15.492853411309653,15.547533962737086,17.596262211800003,15.573129024117113,17.386790700230616,14.604444567357463,14.51778483757646,16.224334465312346,17.538440130325466,18.487952183043927,12.33738784925167,18.17043784004602
MM067,12.861359580637206,16.548281825966843,16.629621616303197,17.93291134893508,15.517433484449091,23.079831406865335,13.50456890386068,16.78566030081046,19.846382962504904,18.732444379558924,18.678212045097585,24.253120163321455,14.13667374261858,19.450077672180942,16.870023890762795,18.80195940747887,16.33423118864715,16.59701695361849,16.44933256434321,16.325278357630985,18.02808838857106,15.269142903886936,13.770598001868454,15.01432908383796,15.582142152130315,19.176366012218576,16.316140219966883,16.535401580817688,18.493753525676116,15.445524294654804,18.21874118802089,12.873757577302808,14.840533134957091,15.066391742942345,20.996758971007804,16.253733611408105,16.428197701239817,16.46523719419563,17.23168700424131,16.152236425213697,15.508169295278751,20.124761353106695,21.064494587944782,19.5442680474757,22.839138036449206,20.219308000155728,21.53663152573295,17.977880463150335,18.494837671343632,14.077490491848666,20.189889065448195,18.57044313359361,18.074819650034268,16.330527913439543,13.98701579285809,20.31335607852299,18.21508360054363,21.769368871642655,17.718163153567684,20.908114362645808,18.58157656989436,20.56089892331442,19.028769450079352,14.588645525311438,15.856990893931064,16.226672393125067,20.476895371705925,18.59939596035005,15.275829782258203,14.65717464787622,21.31860746935199,14.650853143091553,20.161124598938468,17.47507722362864,21.666489485377756,18.178897539359745,15.659034715465362,19.386101147130166,16.128963768648017,19.20755083122925,18.890691804827043,24.015820238778655,16.17601415407268,20.454912035472795,19.460038756997452,20.916875000196235,14.143782651769833,20.17622311414137,21.238626171072575,20.575608617299206,13.80172509905697,17.935915762008793,17.60888483217075,21.695305392205473,17.27434128786173,19.486303169810437,15.02762834612116,17.180425068191422,18.520034749865754,20.28374065222731,18.66538927022482,16.049847385912194,15.829373314579653,14.416593460206212,19.013438560805202,16.757606857170554,16.36415792411284,16.71480162427133,14.58957458188062,20.719172022897485,23.089885180831768,15.059394168533187,16.30281483206313,16.007594272270445,16.353548097393443,16.138564320107676,24.39653756788522,18.7361767686506,13.74990151965388,16.67852462418558,19.72160738212697,16.34576489731079,13.922842584235706,15.581888952512598,15.244000014743037,17.772520963873536,15.527339241469653,17.40540944310639,14.08354638582969,14.740704067378395,15.938337964718158,17.722816314981323,18.312513825925638,13.458805886672968,18.44599179845766
MM068,13.2339861955004,16.50847661225179,17.261634673922245,18.2874981888261,15.8132455122535,23.341411664889492,13.334379084691086,16.843707458139406,20.12480406969248,18.747918290414272,18.63477727925395,24.196665447865396,16.033420020958086,19.58775533921479,17.164255983202864,18.98630948558837,16.554926200357453,16.40820598360666,16.14986105456916,16.244836142038192,18.746423132622485,14.230448836568662,14.97981265051105,15.654489074860585,15.593582422223726,18.572744892710908,16.1874751293485,16.677660914132446,19.113856635946714,15.88774746194462,19.699922807672493,12.905137243415313,14.456248991649762,14.80808663489438,20.883589022522024,16.360242502238695,16.515812407621272,16.65503119695584,17.113452004282628,16.061741584974154,16.5232342772743,20.578468370073953,21.613553595482294,19.894019743728418,23.129818092514018,20.18694539623045,21.95874914792399,18.470099446618562,18.904308076484167,14.704347167329358,20.717288480293266,18.994313192180684,17.806924866929005,16.21909537162574,14.450948636472218,20.59145196621064,18.0290631241871,21.774885010893815,18.291943732227114,21.39157314401525,18.877347349779146,20.49378451089807,19.175772525288814,14.934495130746393,16.060359289769735,16.41252355832866,21.190783177960164,18.472015850308434,15.757210967790025,14.765782749281637,21.66060072562306,14.855641860276549,19.69852742979171,17.68031652317236,21.96593340800056,18.01410983349123,16.0017277978448,19.102292648723623,15.884742559033004,19.183211227388245,19.25988331147796,23.97049948227001,16.00259939563464,20.89733466236395,19.25557705940716,21.287171639425814,14.613851566525241,20.310221093224513,21.527141850583885,20.555296696331368,13.953463891338341,17.548063969916512,17.66188235304924,21.792218602257808,17.52169500581883,19.695943999681663,15.826029389837055,17.25547766530117,18.404078509901527,20.42359944360661,18.235854829353173,16.24535646678054,15.81726392333131,14.68167832917358,19.074854670205166,16.858342428274224,16.401345473226737,16.622593440716802,14.819818943277133,21.791439828249413,22.77116601919972,15.100818765352015,16.63647934273332,15.92894496452388,16.637853420271163,17.24408989684073,23.991909663341776,18.85685493160115,13.504061398953976,17.082817981135214,20.337664740053594,16.464980663980874,13.992146553631066,15.735237396090863,15.710028367393772,19.72028738357622,15.888267185172305,17.006682743514332,14.876896176554698,15.071362244814116,16.00903716991005,17.17331018360888,18.337007315740784,13.787204385442084,18.187673358135992
MM070,13.364005819409293,16.771616549699527,13.336599564782642,18.506207130097724,15.473380376940236,23.068948782253308,13.600040423445433,16.262438725938306,19.796631013442667,18.41512170358581,18.59406901686563,24.171156579773502,13.705416101221136,19.45646515332269,16.086610772540933,18.82108759977875,16.664520608427942,16.734424441211047,16.114089239893488,16.18681880309872,18.145406887368058,14.164354298429691,13.761455977446975,15.014505745909892,15.406916958153353,18.931890057465683,16.143787950484658,16.577646912172053,18.570293648618033,15.441456118869207,18.97252399677882,12.947879969538425,15.237860449349727,14.73485173402844,20.802197128146272,16.254900328337158,16.308164029702112,16.426553699537024,17.610209259313695,16.246685347677538,15.399343586852284,20.153837489902646,21.05276936359778,19.509822355098326,22.93885304627841,20.202273475080567,21.619589447164444,17.581508761763875,18.47522624217239,14.928924621993716,20.396147693217753,18.51758747821327,17.79856157826933,16.283645185730393,14.445031041481798,19.945673207591266,17.69861225527571,21.67191072027594,17.966670825779595,20.936799595561336,18.783519161654507,20.381932196269695,18.98633910504737,14.760086697996075,15.786056585319239,16.180900238137436,20.23254230442902,16.332427961206363,15.630894302186322,14.541613563821073,21.266853020761936,14.951068797510104,18.92611242594683,17.49450139937513,21.040916648390596,18.20370417243758,15.41669010645967,19.06779908467462,15.764021649872834,18.89432529058129,18.410842987234616,23.960064344663042,16.198514306415,20.427303083250678,19.312948217358688,20.563260282681384,14.777586846124573,20.099540998003043,21.377538330815824,20.51974483944155,13.915402546412034,18.081656442591836,16.542735163808857,21.62700065396645,17.297638408409046,19.046199676410694,15.394891206865282,17.10823683287886,18.353601665954823,20.025801185846095,18.23780964080033,16.19214360176771,15.800085192675118,14.394562870235434,18.97210282795192,15.52849439777125,16.54625549500589,16.73036221944724,14.592167178880533,21.63641273408608,22.98905228364944,15.225415663537634,16.27862952792224,15.911357006662003,16.30730037267615,16.54242647417733,23.84673509652338,18.55207225689783,13.636804220126308,16.90607911175433,19.475067431962895,16.516902066673712,14.011379359537282,15.442667739809554,15.25817895529914,18.996360908757268,15.522209754214964,16.85072659937404,14.41371086377301,14.753362871300505,16.076438681613908,17.543640406081735,18.17478221315168,13.0956912737714,17.865632724698813
MM157,13.432452941247915,16.758915645659847,17.031422590468964,18.2719908158876,15.13655287548546,23.382074858472947,13.637850475783202,16.483595910875557,20.000525847570017,18.9150000258275,18.65145335255632,24.143676478955246,15.22999452621929,20.096840057957966,15.471687234693631,19.395173152269553,17.01697257876577,16.89570541708841,16.406891346156613,16.143383064249402,18.159803906275695,14.342973550362506,13.78316901161724,16.591653096612575,15.855973689566666,18.47828080640402,16.487563628426415,16.914505408680576,18.629689639738427,15.616161569817685,19.74946880659488,12.95958478461792,15.163810622017648,14.672200454457116,21.023495761584208,16.349270791338018,16.48909440936433,16.47790312910754,17.68637471962622,15.985132933680676,15.709932749341592,20.095301171530128,21.60099748474788,19.60269190292352,23.068634182246537,19.880948391612005,21.689440838314873,17.504014280682938,18.562170578320625,15.030311920033949,20.218972041603944,18.609211082468704,17.695588165983164,15.87756262182349,14.91176839945488,19.964601568756105,17.9794801476951,22.09240208431012,18.42166059434392,20.884890682868495,18.70038199409917,21.624450465135684,18.965166680528203,15.430900784481251,16.553400464077825,16.563308735586464,21.83124771925684,18.04079338744238,14.826905912711867,15.204266915246695,21.29051256438916,14.685880310635287,20.173880652852993,17.21977251419321,22.14291535958211,17.68103427601004,15.340936881394814,19.39536561066776,15.679092957792811,19.88768309466947,19.52724157717641,23.680719745868338,15.597166927680094,20.672814711087604,19.228460476464292,20.56914847751551,14.637021962611552,20.31680920648654,21.34499221752413,20.095900374209858,14.838936789690285,18.017836315714256,17.523025342441848,21.90775744000813,17.112491810811516,19.263982910610192,17.902539377795982,17.271233755518875,18.336372164941107,20.57015956110135,18.587695713068843,16.011648018982047,16.37837152310244,15.180755361849215,19.34061152606153,16.194646585770816,16.686819188214955,16.85948766649655,15.191183374989423,22.302221381017134,22.656038198849128,15.093538799527499,16.521165774719687,16.682218117377705,16.119471436814457,17.15248790360887,24.565222270929823,18.6982878318462,14.307233224733094,17.01934459388806,20.582440277000895,16.53153055095898,13.877206737943341,15.584469443664615,15.367129211514932,19.71631279781472,15.326592929383866,16.82277792099132,14.303378712809923,14.968157948730875,15.867816620108844,17.27658058227486,18.436146027822552,11.764528700484085,18.430682712444842
MM158,13.187655800086542,16.92791320203938,16.77003158271869,18.28176839348457,15.377690116535673,23.51742870638593,13.051851625619719,16.41705169110087,19.40464666658922,18.656063325533868,18.59830421124889,24.08672825784558,16.35515682755808,19.846780682731062,16.120603882154878,19.25359435554551,16.677007570448172,15.95311740156726,16.50281536657242,16.071342972000938,17.849250571014135,14.587734724771627,14.101235441472559,13.950687832409246,15.645878957933023,18.047071761373,16.42367595435868,16.73873488193074,18.819845637634273,15.491361545365457,19.505179338100408,13.555787638270436,14.793510867828836,15.27330642614406,20.018653184398453,16.351238400943803,16.544082236317166,16.638500447988594,17.867263032083056,15.968842536321269,15.875811227931084,20.42444038421329,21.852790018548394,19.641961706461036,22.915922024232053,19.9554813833496,21.765564701191572,17.868690079463267,18.567183464395523,14.678610107879134,20.419037364658237,18.750341458736667,17.567074650574803,15.466471688082066,14.888052614695148,20.18961014689289,18.35973311189093,21.85850284175627,18.19191875576399,21.06838321145896,18.68160295200977,21.48439916049899,18.96933586707594,14.830372367847936,16.06305093141304,16.43188900508551,21.027776524754596,18.71739094652694,14.987219598043698,13.666793837313154,21.413312487846945,14.662473962545992,20.098480194914032,17.164444785329334,21.959803331204913,17.95590184354513,15.616061555231546,18.792950741654185,15.608054387100433,19.667594734161007,19.433796611751315,23.74447593317732,15.682924218104898,20.72436617234536,19.295297981071926,21.011951363404783,14.59181234926661,20.181244911652424,21.242232760672536,19.87896734549015,14.646948144120412,18.115518625529685,17.386554031258683,21.404057982597074,17.126926175434754,19.375715953993684,17.750790279274774,17.137277104797654,18.356893838285476,20.883565291747402,18.060315425671764,15.952195891883338,16.12368079513692,15.412441896773602,19.334044834756437,15.77253278729555,16.395452561153974,16.756453248455216,15.058007330850044,21.957590197645338,22.698065667676374,15.021845154594008,16.56455701856661,16.35930054316481,16.58103492169661,17.106270994677164,24.539593855943107,18.850623624365305,14.316030207058368,16.93053089649685,19.925706139276258,16.85466933429705,13.761345639044144,15.56666669245079,15.439533012694918,19.54171345333088,15.385302505521869,16.954194564053225,14.150205503376661,15.028415314008587,16.288467356390434,17.250436528103624,18.193165885612952,11.125120240737628,18.813920505217766
MM159,13.278236429546519,16.82737186179648,17.016551486720395,18.24606345630168,15.417512747027406,23.41452813478266,13.992639116907268,16.433373984013137,19.94816019898034,18.831805135413475,18.839933183170135,24.019255180795376,14.057079759123898,19.795983403795688,16.492149267271632,19.444169325049973,17.016223874550988,16.62647376668111,16.001867956419922,15.734434240359143,18.07538844839668,14.449760817826041,13.77843538120202,14.311411320986334,15.80502072101925,18.609764579270166,16.232025339500417,16.648275344761206,18.528632925384763,15.44500422901132,19.258507639700223,13.102328615729773,15.164476875566763,14.739954328321234,20.768199675033884,16.446572303460336,16.43581356698273,16.5254215222454,17.300495365138627,14.708458824865184,15.519442284155499,20.054350638519526,21.692215430038463,19.490707908902444,22.926019768021547,19.998141793169534,21.58048837730393,17.56857092138385,18.29890580434511,15.04537886789026,20.151641694614682,18.762028137872058,17.445006771106268,15.617987863781213,14.529301266477873,19.965419697060614,18.330519447630323,21.981790161818406,18.06995017994296,20.703737815367486,18.48914882537063,21.379814692657533,18.780848479580914,14.832847541120826,16.633654613266938,16.242055049102223,20.886594294297367,17.81724071406893,14.422800656443927,14.809889545994539,20.935849731602623,14.562232645286365,20.17328646615995,17.032908403956863,21.990016655577282,18.006816494488675,15.526853671749754,19.181542683748905,15.446211762929298,19.42964612883523,19.31216420211966,23.71325880575013,15.455030888779982,20.66708181392051,19.318797790437756,20.79176394277184,14.614199047184924,20.214799822338417,21.066634434461974,20.230920104177912,14.53703535919308,18.71947730767706,17.351258476325018,21.764748147980495,16.97858835796433,19.23351301771729,20.261714898326918,18.220837447933217,18.381779775332426,20.566396838568448,18.636142203592005,15.810049960680972,16.14545013023599,15.133516250103662,19.546962547710848,15.746254815102258,16.656592264177434,16.752669181311326,14.979403090945045,20.40629900362378,22.66275285323918,15.173875760174228,16.50362960227309,16.606403395606648,16.210565816753853,16.858335737429165,24.480934266742032,18.61114546606059,14.007472365622235,16.947965596996706,20.059578193440547,16.66042326228007,14.014960659982279,15.400135434237411,15.412810095510599,19.25155246006522,14.970361280777079,17.080606280435504,14.684674910936401,14.910731275768386,16.29827468824954,17.187619924637463,17.901912265679204,12.30833573856155,18.50031673023534
MM160,13.393872954396334,16.87179876215677,18.311901153841312,18.27486667626928,15.485246448073342,23.697592897219163,12.196271642583408,16.19414564865506,19.981206653152153,18.626566623807825,18.59951799052666,24.085516339977527,13.931321987641908,19.774179194237565,16.347658238987044,19.607816947538332,17.099922539867883,17.695959280643454,15.923202815641469,15.112075972522877,19.070986987860092,14.720860591091848,13.764483491235744,15.850970403319456,15.304375036875587,18.714273468369992,16.20707163493231,16.7004453379148,18.96976106481367,15.848180837921912,20.142876514390583,12.689157212589373,15.010691502363336,14.631605245511217,20.39131425207577,16.11985755702416,16.485995860858324,16.320443896302088,16.278044053321164,15.897887815827657,15.974117118432895,20.474484040642025,21.66223921719144,19.324375089678334,22.974651964900303,20.09822453824152,21.774161661779488,17.508129181826135,18.41651931934131,14.665594135839152,20.51100774522022,18.829972109264286,17.52703839582569,15.737973360261972,14.944826798673278,19.80152403418526,18.397528300514736,21.892775169890875,18.047756127805805,21.105263126146244,18.846902541942367,21.07614538141671,18.92918141179887,14.782780034028992,16.355770056062752,16.504710459921476,21.03445427955691,16.799671757631526,14.795364128146364,13.802413263554548,21.44537274983914,14.684963108537392,19.7667560944942,16.764880823646152,21.596368518379858,18.358540718632298,15.937617502357487,18.828379441511714,15.510222531834442,19.05022246045318,19.757236911211766,23.896621349004835,15.535904744913784,20.647387531529265,19.354772585650682,20.790497874275115,15.025442233005197,20.201892949273297,21.04271224143137,20.245920736900068,14.621338391371658,17.99504721429235,17.462607750010836,21.55434750803346,16.97665193897595,19.029432192520794,20.204710706967724,17.17716701291531,18.593990476900398,20.661592951672407,18.5976066884616,15.987710497052097,16.086520253657923,15.43562959800301,19.56542480994697,16.455142221768146,16.288075480834856,16.715582919023444,15.00333070520587,21.45111678297055,22.615056666648847,14.894904165648793,16.568299793306508,16.57197758188256,16.800719037062976,17.287361953259705,23.534822927920306,18.536621037445038,13.87681397880839,17.00794355572625,20.215662408501682,16.690820793634305,13.422347426682723,15.497201600624026,15.497902614051661,20.072834039149956,15.230907620413946,17.294328514377632,14.379507406305402,14.91382419031987,16.45676430708714,17.363083884000655,18.051538996057847,12.39032602188958,18.277843863515553
MM161,13.463339887555893,16.907658297538863,16.893176122515023,18.377527909514747,17.346167852621335,23.552910547064435,14.123030360470743,15.974827993608766,19.855722272992928,19.250601214757392,18.672757161453607,24.022786363361234,15.228001960277373,19.673781459503953,15.806718645692056,19.195242626567083,16.93531880047349,18.80558434646173,15.96500254202705,16.608042398217044,20.54383092503842,14.39758418570496,13.97669338528487,17.066731712307394,15.423273863843963,18.43710020906737,16.268990589086616,16.738156646572516,18.466318014857805,15.374008983318731,19.179710820336666,12.923098326691699,14.754856395468169,13.847621331579555,21.126150348612775,16.45412625408505,16.26913635474683,16.614436772637657,16.99675985118263,16.42345238544889,15.16288282498941,19.966130384806462,21.516344807174935,19.34036126642445,23.034870988256927,20.158082592222684,21.612991854643166,17.412660699983416,18.33728188460781,15.069868752967192,20.22714469290319,18.671030954176462,17.562306840912502,15.164975422776475,14.528086424298522,19.62674115379393,18.339727720781394,21.77970045188937,17.92673127516067,20.878896098215566,18.67522934309261,20.891913473647683,18.898385562297737,15.071142891229023,15.705543798759207,16.36024544321038,20.39557619315528,16.778728770552757,14.352470455766513,14.149797209718127,21.28318271954702,14.724332021054206,19.573030868408118,17.21061900838574,21.63133334298022,18.243302732374705,15.1890173971648,19.439520549965366,14.792149512375973,19.067924287924953,19.288930993584408,23.855775529649073,15.779582418028347,20.46785061522238,19.430862763352444,20.854763400234663,14.836031373674093,20.102150503436942,21.207500420726948,19.978940442314496,14.144931907626788,18.792884769166704,18.279205581383827,21.50657133633479,17.176911919627372,18.572214744942748,20.239709576912237,17.17181036534923,18.3313363189359,20.113867147108508,18.025105507156947,16.021258759833334,15.958320556908564,14.958930689249858,19.248553302182724,15.099010363424165,16.064144122558208,16.735860420831465,14.930472864808156,21.321845193392363,22.749128655164228,15.224046941281964,16.40973869765484,15.997583653090897,16.02960379555545,16.656078948576766,23.840584203648596,18.56082444452804,13.782655646156023,16.21972087607558,19.541059936109708,16.728764102951857,13.99615293832244,15.349425037909828,15.363914884727283,19.238273447044122,14.841041445802048,17.42947903787874,15.291001875837123,14.727508863047664,16.375109234596128,17.6424678483119,18.02145049127652,13.228549771108936,17.569315392543267
MM162,13.160133080348714,16.127984687929008,12.28684478592248,18.760583839728078,15.684478110001868,22.639095076585868,14.813991683942026,16.571579897342293,19.981206836304043,19.22815657158,18.439649023053875,23.66356263947351,15.962126119541633,19.891639609307834,16.173943101827305,18.98740492967253,16.882041942566623,16.372556240847626,15.743846042609768,16.552433388591204,17.27210889845421,14.637027676787097,14.488938415497895,14.571533105422539,15.73496819450606,18.597146851824924,16.505237948432452,16.653309860717965,18.605969854499524,15.228441924700785,18.802588073226815,13.850342919781196,14.697748968502575,15.453676547088065,20.949440637840734,16.49681715449263,16.393804161983642,16.27055394514407,16.356201867487837,15.921297571754424,15.55193121114592,20.387566441731536,21.64956335264028,19.35351289359308,22.25298541150463,19.926868984717885,21.870369748171523,17.916317848714215,18.455247525527657,15.010672843112921,20.22604029701459,18.65633623235777,17.88554329875131,15.290583342972706,14.508264586848247,20.187529159128786,18.525311854115515,22.162171029038838,18.295298236944685,20.87238574141275,18.389852252193418,20.930987539256666,19.344017844179287,14.925198152451582,15.526894033389562,16.239827748463377,20.262886604414195,18.975051215582994,15.208793134370726,13.92718068101715,21.251652757062185,14.633725821111055,20.394545481157728,16.491434429478186,21.380300092110087,17.759853668181606,15.614894217112612,19.236662280082342,15.041694817567851,18.50572025033334,18.830188914138983,22.649997803324826,16.130495841538472,20.677910836104765,19.296832193050303,21.18597248778857,14.657050160698079,20.27882486341871,21.69363922164567,19.895609479083035,14.032898916409088,18.7858109904748,17.696123995164804,21.768479517731404,17.06490238011794,19.348598735961374,16.67042812343636,17.144799921410222,18.477398922881623,20.530963508323612,17.717905474151326,15.412002880508417,16.160376754313702,15.333292775352676,18.92561556859025,15.519669373797427,16.764954798744363,16.868761244048365,14.734697420678522,22.360453909016933,22.601967240209262,15.53591590385763,16.540368626822534,16.10335468343412,15.65743551454773,17.34675359354595,24.781584125716606,17.716303427354976,16.729385290317772,16.831241294374657,20.01890670231609,17.100361051558007,13.849624612273917,15.569830724705616,14.652610541604151,18.852903722722786,15.417944692512673,17.294450143376196,14.736553906923584,15.054926541020398,16.492470608412702,17.330941076336,18.114871444085512,11.662102828929688,18.726292845663306
MM163,12.225963417308519,16.196192301968377,12.276843453967885,18.60729297282471,15.613410235039632,22.613038520860336,14.731440108042449,16.551031792283858,20.157553905100258,18.38296692410037,18.477693329327753,23.679572204994262,16.761342277781054,19.55379545222105,16.0781630693763,18.704685689172692,16.972351719967246,17.125401296961442,15.6131707027454,16.949889032144934,18.028456514591443,14.711765132170735,15.396709689209763,14.893707919054272,15.572323908026792,17.986743772840626,16.401929173702676,16.654299970591502,18.476291394843674,15.30483392119983,19.162178200143202,13.51345672236896,14.273731778344262,15.228273828370464,21.271318785758037,16.596840657045423,16.28362405757094,16.377340804575994,16.496324040858198,15.59602905530623,15.540504194286317,20.450527356904214,21.7504245045117,19.604465772775228,22.405276211534954,20.043911289633932,21.78127510675316,18.27879551847266,18.609529800512956,15.149332266292303,20.43204708376714,18.654098995407136,18.083710816635037,15.017982794266272,14.978553759274721,20.592821451474286,18.44623572361466,22.167841186649046,18.28066728295595,20.931904792564392,17.806820712300368,20.487735004590476,18.769381465687243,15.291133623045155,15.627487593719135,16.420373963829267,20.696373497939554,17.122493112254087,15.498486685195964,13.61230587594507,21.3195906885167,14.64985651022579,20.23151553646747,16.261596930152123,21.20271722919186,18.012685929012665,15.465473572590989,19.438546314263856,14.689752328231027,18.435810950310106,19.003013115618863,22.787651620556293,16.4175772059165,20.916549921013484,19.238636755274097,21.43314219691949,13.846881002595149,20.217915473325682,21.82878335877741,19.876571154480025,13.927887567730684,18.704918262506038,19.311118199704534,21.92173675740239,17.32544147747354,19.456376464094372,15.520566002462848,17.109715038123888,18.40622614363446,20.518704058082296,17.783528423528946,15.583166929202267,15.884383239623507,15.094486174800442,18.504914118616004,15.543752577149794,15.949936758121382,16.75396601683106,14.7565102747724,21.56859891468071,22.823236286204864,15.174941456955489,16.692597832232355,16.380266817599257,16.763802694300644,17.845675162529542,24.252399737016344,17.55403073670805,16.57698957823075,16.94069977627219,20.01505029422943,17.116769791056303,13.917006950275963,15.79128955814414,15.811185333269016,19.22218387428434,16.002538703584342,17.300262222517194,14.689623976569752,15.188724282478947,16.352796108120735,17.001198432778445,18.181621366468917,12.133257358047382,18.738445204869723
MM164,13.225491316497562,16.617450484749792,19.076028977189466,18.63028523928651,15.40715635424861,23.611852348995072,14.692744689000364,16.617679298801242,20.04397118215848,19.2766935930888,18.52062410752523,24.217589229828697,16.723138203548203,19.585000831469856,16.839280990686827,19.183276770618082,16.663991016441532,17.94903496128135,15.938486129519399,17.289435047766176,19.98913522192565,14.576378619904625,14.888340819320888,18.413765719240093,15.68399998462547,18.014054165051242,16.536819264947322,17.016059114608062,19.02321828083562,15.71715492930254,19.101394408538074,12.798572740685037,14.845933288482994,15.06262327191253,20.158937903011662,16.429565504839573,16.522682078677768,16.96026016692507,16.631383611111374,16.305972303327522,16.520443993086573,20.580664658133166,21.958466373299046,20.0531738871928,23.11673348024314,20.203423263946842,21.949638757395395,18.59154455989479,18.98589108116984,15.20728013873926,20.52627433437444,19.212947795706484,17.817620529598344,15.610570734302852,14.695125656570314,20.76702682394815,18.444479671966594,21.916414963734436,18.33521400957452,21.164717450965718,18.816516147250915,20.96143799714381,18.62215067437187,15.284993777054492,15.742722839193695,16.64521929910555,21.38999776216238,17.668133707205275,15.338564833114377,13.80535369825,21.587719912911577,14.65954888835253,20.18682404108337,17.700928961058633,22.01928688122097,18.69006714601257,15.347211531525291,19.325931228131985,15.506527852158658,19.297873658880558,20.033940741794623,24.022656991163064,15.934333373556676,20.773482614252835,19.26977074263405,21.581991561004624,15.27586282040441,20.23780781383685,21.571042187125023,20.0877595332725,14.677533708433378,18.3717267633118,17.822428802836463,22.00204399982057,17.536445195992382,19.405422221295918,18.8929029800034,17.145271585810576,18.487952093303353,20.831380252459898,18.367748611334136,16.224415243882643,16.016082561458475,15.179880977232761,19.180264418431133,17.188831193092227,15.954106966070325,16.72859094717134,15.256382020135018,21.959214201988946,22.927536340189466,15.114825721385076,16.618822529760973,16.405436694949895,16.851184919629137,17.762344042018352,24.023038672694813,19.178726741316193,14.18824274475284,17.047032545253735,20.166742658878714,16.75003336312845,14.034489489677364,15.68691765709216,15.924493405883739,19.101394408538074,15.869985222776265,17.351723416803857,14.37573062946444,15.291146225072026,16.450118745329725,16.503126157175863,18.08043384843244,12.194880494822192,17.707122112924086
MM165,13.49066720237308,16.39226819909737,18.367521906696624,18.072713644995655,15.32451736088327,23.504956338265817,14.076079348662367,16.077374523720895,19.754488529813823,18.76678881649587,18.35011847629972,24.208920574406275,16.7891018392075,19.553709647865393,16.316498228490705,19.006898110552175,17.11087708296264,16.85323614245543,15.920963870043394,16.618180250089345,18.18203795007527,13.269672492863487,14.059787202373476,16.511413390987173,15.503959884601896,18.054527759197327,16.663304009173814,16.791458680608923,18.586196056245903,15.446511733184641,19.229853624932893,12.843407752740388,14.97674432060439,14.380625057565686,20.607209068863725,16.512907073104884,16.432889056412165,16.495035849879642,17.49513487316104,16.957338109428843,15.318532660380136,20.049628874338733,21.648916790352136,19.61978753511559,23.168229646290932,19.993123664779542,21.623281399935607,17.85617178420298,18.50806095139999,15.020509443605695,20.200764890600126,19.023642959176993,17.89579876188343,15.785912480774964,14.669902851136465,20.077958698258456,18.30319289151068,21.95493424396126,18.163736789736852,20.865942162552226,18.60858506958153,21.127042932830143,18.658209251789085,15.291832944922929,16.00636748113318,16.355619637223846,21.233030272380887,17.403738142212653,15.273661570766798,14.926162657232148,21.20373499858701,14.686402152254024,19.990136724144623,16.505142879387563,21.913108783703514,17.766119039349434,15.396252242638228,19.480048808028315,15.423791885106498,19.113834368015606,19.398821393627774,23.817128264667154,15.961126736974805,20.454644513276456,19.381378366833452,20.93077756258267,15.121502817169429,20.151908318201922,21.506286026830104,20.12103860460671,14.193053326853628,17.71632784698744,17.676562007620337,21.652494447964326,17.072400955706048,18.9330420734702,18.453768828926666,17.053899854504337,18.438290144770487,20.319546279028124,18.9399796055511,15.96946493551618,15.842890297421063,14.991141165593985,18.973339965270675,16.508114638927626,15.741556884911835,16.66294561880707,15.06925024561387,22.28304324662511,22.68587963913996,15.130077820788571,16.354959287806818,16.491512491997494,16.955617028057087,16.80188375956137,24.23595433981023,18.867471610134455,14.050193684126766,16.85704423995582,19.911323582677763,16.674203926347893,13.865659571335028,15.484276237294154,13.927803553688573,19.2091518189354,15.817015479546816,16.83517264135525,13.837720098197059,14.927510331459846,16.295124807009362,17.062705294153236,17.95887380646282,11.585157990370693,17.624456418223826
MM166,13.15798609538136,16.686046286394745,11.72464280380084,18.739740674694442,15.543375253069694,22.73143564162958,14.972604479483541,16.37555678663853,19.950483362721606,18.49542001750355,18.584052927791966,23.629546815279543,14.083686223838049,19.42823487764148,16.025737500998403,19.097989935409363,16.62157505816736,16.354453164607293,15.229804534542604,16.483233492877492,17.618588951122412,14.316372390751418,14.98093006974798,13.76521692823852,15.533860138809786,18.532343113047432,16.24690589112433,16.6450922538655,18.916929092223832,15.596340693862295,19.206281892658218,13.226185399074623,14.827789940699274,14.798497023042788,21.02385434925907,16.64230855371551,16.21816080642443,16.265076604199383,17.40860847814495,16.680989119895575,15.859962867887102,20.525441763827605,21.578082129399828,19.631497615461907,22.513228235012793,20.275856601128044,21.971598717783873,18.309834553747905,18.54222484913806,14.916907804254857,20.48669934177543,18.844794827356488,18.05048389966355,14.935770942967478,15.063371746647652,20.486876276329724,18.323499266529343,22.1332263437411,18.134928216058174,21.147572445444336,18.545373434008752,20.12669135302495,18.785561044767757,14.838436838405663,15.726781261271679,16.41069930639944,20.28309501329994,17.77077321071264,14.982618893067706,14.87608334057436,21.6348886892352,14.496496079430413,20.162775260197478,16.993007633913123,21.127373701718035,18.041293840553173,15.447665846149034,19.3714086765012,15.26787116741364,17.783272897833886,19.31357646477782,22.986762502427514,16.245501290933625,20.657393464920897,19.112388179143394,21.452121255391745,15.344993958750464,20.09165837472248,21.93855030893673,20.46352794075961,13.931994948706139,17.936525083884806,16.910521111601536,21.719630431406937,17.37051205903454,19.33114539183526,19.99170219519155,17.075153178676448,18.485499540407886,20.657448555462807,18.232816814562643,15.609773237450696,15.643538388399827,15.130691427133543,18.805345937904033,15.715826791646256,15.704686224841273,16.45325983077616,14.791835354791411,20.91960207815992,22.923414864393912,15.13362791919404,16.45539332324643,16.381549617889092,16.636529853928355,17.820551878490885,23.235572290886424,17.74671856471277,16.43421706737641,16.98846999664258,19.87064643661668,17.032728275862315,14.00445224530576,15.712014875377445,14.991355631204513,19.209275585783608,15.533110510827933,17.318989128938465,14.14031030899234,15.061945896844566,16.249509045592717,16.519397183214185,18.163286910779096,13.160920810403738,17.3458839269933
